Feature,Bin,WoE,Coefficient,Points
loan_amnt,"(10000.0, 15000.0]",-0.057,-0.634,-1
loan_amnt,"(15000.0, 21000.0]",-0.1598,-0.634,-3
loan_amnt,"(21000.0, 40000.0]",-0.1838,-0.634,-3
loan_amnt,"(499.999, 7000.0]",0.2728,-0.634,5
loan_amnt,"(7000.0, 10000.0]",0.1481,-0.634,3
term, 36 months,0.289,-0.5504,5
term, 60 months,-0.6936,-0.5504,-11
int_rate,"(11.53, 13.98]",0.0846,0.1249,0
int_rate,"(13.98, 16.99]",-0.2938,0.1249,1
int_rate,"(16.99, 30.99]",-0.8293,0.1249,3
int_rate,"(5.319, 8.9]",1.2307,0.1249,-4
int_rate,"(8.9, 11.53]",0.4407,0.1249,-2
grade,A,1.3489,-0.0207,1
grade,B,0.4841,-0.0207,0
grade,C,-0.1369,-0.0207,0
grade,D,-0.5589,-0.0207,0
grade,E,-0.9369,-0.0207,-1
grade,F,-1.2097,-0.0207,-1
grade,G,-1.4006,-0.0207,-1
sub_grade,A1,2.0077,-0.719,42
sub_grade,A2,1.6092,-0.719,33
sub_grade,A3,1.4547,-0.719,30
sub_grade,A4,1.2086,-0.719,25
sub_grade,A5,1.0092,-0.719,21
sub_grade,B1,0.7694,-0.719,16
sub_grade,B2,0.671,-0.719,14
sub_grade,B3,0.5249,-0.719,11
sub_grade,B4,0.3576,-0.719,7
sub_grade,B5,0.2239,-0.719,5
sub_grade,C1,0.0741,-0.719,2
sub_grade,C2,-0.0423,-0.719,-1
sub_grade,C3,-0.1458,-0.719,-3
sub_grade,C4,-0.2829,-0.719,-6
sub_grade,C5,-0.3221,-0.719,-7
sub_grade,D1,-0.4213,-0.719,-9
sub_grade,D2,-0.5248,-0.719,-11
sub_grade,D3,-0.5609,-0.719,-12
sub_grade,D4,-0.6636,-0.719,-14
sub_grade,D5,-0.706,-0.719,-15
sub_grade,E1,-0.8331,-0.719,-17
sub_grade,E2,-0.8928,-0.719,-19
sub_grade,E3,-0.9518,-0.719,-20
sub_grade,E4,-1.022,-0.719,-21
sub_grade,E5,-1.0778,-0.719,-22
sub_grade,F1,-1.0791,-0.719,-22
sub_grade,F2,-1.2118,-0.719,-25
sub_grade,F3,-1.212,-0.719,-25
sub_grade,F4,-1.3311,-0.719,-28
sub_grade,F5,-1.3828,-0.719,-29
sub_grade,G1,-1.3487,-0.719,-28
sub_grade,G2,-1.327,-0.719,-28
sub_grade,G3,-1.4516,-0.719,-30
sub_grade,G4,-1.5046,-0.719,-31
sub_grade,G5,-1.5331,-0.719,-32
home_ownership,ANY,-0.2659,-0.5938,-5
home_ownership,MORTGAGE,0.1679,-0.5938,3
home_ownership,NONE,0.2864,-0.5938,5
home_ownership,OTHER,0.061,-0.5938,1
home_ownership,OWN,-0.0398,-0.5938,-1
home_ownership,RENT,-0.1758,-0.5938,-3
annual_inc,"(-0.001, 42000.0]",-0.2004,-0.6242,-4
annual_inc,"(100000.0, 9550000.0]",0.306,-0.6242,6
annual_inc,"(42000.0, 56000.0]",-0.1088,-0.6242,-2
annual_inc,"(56000.0, 73000.0]",-0.0312,-0.6242,-1
annual_inc,"(73000.0, 100000.0]",0.1026,-0.6242,2
verification_status,Not Verified,0.3766,-0.1942,2
verification_status,Source Verified,-0.0704,-0.1942,0
verification_status,Verified,-0.2053,-0.1942,-1
dti,"(-1.001, 10.58]",0.3728,-0.4382,5
dti,"(10.58, 15.38]",0.2096,-0.4382,3
dti,"(15.38, 19.99]",0.0486,-0.4382,1
dti,"(19.99, 25.63]",-0.1195,-0.4382,-2
dti,"(25.63, 999.0]",-0.4033,-0.4382,-5
fico_range_low,"(624.999, 670.0]",-0.323,-0.2463,-2
fico_range_low,"(670.0, 680.0]",-0.1996,-0.2463,-1
fico_range_low,"(680.0, 695.0]",-0.04,-0.2463,0
fico_range_low,"(695.0, 715.0]",0.1912,-0.2463,1
fico_range_low,"(715.0, 845.0]",0.6629,-0.2463,5
tot_cur_bal,"(-0.001, 25534.0]",-0.088,-0.1356,0
tot_cur_bal,"(114130.0, 231198.0]",0.0697,-0.1356,0
tot_cur_bal,"(231198.0, 8000078.0]",0.3085,-0.1356,1
tot_cur_bal,"(25534.0, 55951.0]",-0.2136,-0.1356,-1
tot_cur_bal,"(55951.0, 114130.0]",-0.0303,-0.1356,0
total_rev_hi_lim,"(-0.001, 12500.0]",-0.1525,-0.4383,-2
total_rev_hi_lim,"(12500.0, 20400.0]",-0.119,-0.4383,-2
total_rev_hi_lim,"(20400.0, 27300.0]",0.0248,-0.4383,0
total_rev_hi_lim,"(27300.0, 43700.0]",0.0078,-0.4383,0
total_rev_hi_lim,"(43700.0, 9999999.0]",0.2747,-0.4383,3
acc_open_past_24mths,"(-0.001, 2.0]",0.3644,-0.5366,6
acc_open_past_24mths,"(2.0, 4.0]",0.1221,-0.5366,2
acc_open_past_24mths,"(4.0, 5.0]",-0.075,-0.5366,-1
acc_open_past_24mths,"(5.0, 7.0]",-0.2059,-0.5366,-3
acc_open_past_24mths,"(7.0, 64.0]",-0.4531,-0.5366,-7
avg_cur_bal,"(-0.001, 2729.0]",-0.1728,-0.156,-1
avg_cur_bal,"(20773.0, 958084.0]",0.379,-0.156,2
avg_cur_bal,"(2729.0, 5475.0]",-0.1944,-0.156,-1
avg_cur_bal,"(5475.0, 9937.0]",-0.0113,-0.156,0
avg_cur_bal,"(9937.0, 20773.0]",0.064,-0.156,0
bc_open_to_buy,"(-0.001, 1013.0]",-0.2426,-0.1384,-1
bc_open_to_buy,"(1013.0, 3145.0]",-0.1479,-0.1384,-1
bc_open_to_buy,"(13499.0, 559912.0]",0.397,-0.1384,2
bc_open_to_buy,"(3145.0, 5777.0]",0.0039,-0.1384,0
bc_open_to_buy,"(5777.0, 13499.0]",0.0621,-0.1384,0
bc_util,"(-0.001, 36.8]",0.2197,0.11,-1
bc_util,"(36.8, 58.5]",0.0642,0.11,0
bc_util,"(58.5, 72.3]",0.0515,0.11,0
bc_util,"(72.3, 88.9]",-0.078,0.11,0
bc_util,"(88.9, 339.6]",-0.2252,0.11,1
mo_sin_old_rev_tl_op,"(1.999, 110.0]",-0.2257,-0.225,-1
mo_sin_old_rev_tl_op,"(110.0, 151.0]",-0.0912,-0.225,-1
mo_sin_old_rev_tl_op,"(151.0, 181.0]",0.1066,-0.225,1
mo_sin_old_rev_tl_op,"(181.0, 245.0]",0.0772,-0.225,1
mo_sin_old_rev_tl_op,"(245.0, 852.0]",0.1696,-0.225,1
mo_sin_rcnt_rev_tl_op,"(-0.001, 3.0]",-0.2062,0.0601,0
mo_sin_rcnt_rev_tl_op,"(10.0, 18.0]",0.0282,0.0601,0
mo_sin_rcnt_rev_tl_op,"(18.0, 438.0]",0.2819,0.0601,0
mo_sin_rcnt_rev_tl_op,"(3.0, 6.0]",-0.0848,0.0601,0
mo_sin_rcnt_rev_tl_op,"(6.0, 10.0]",0.0488,0.0601,0
mo_sin_rcnt_tl,"(-0.001, 2.0]",-0.2413,-0.2131,-1
mo_sin_rcnt_tl,"(11.0, 314.0]",0.3156,-0.2131,2
mo_sin_rcnt_tl,"(2.0, 5.0]",-0.0412,-0.2131,0
mo_sin_rcnt_tl,"(5.0, 7.0]",-0.0066,-0.2131,0
mo_sin_rcnt_tl,"(7.0, 11.0]",0.091,-0.2131,1
mort_acc,"(-0.001, 1.0]",-0.1204,-0.4187,-1
mort_acc,"(1.0, 2.0]",0.0852,-0.4187,1
mort_acc,"(2.0, 3.0]",0.1771,-0.4187,2
mort_acc,"(3.0, 51.0]",0.2933,-0.4187,4
num_actv_rev_tl,"(-0.001, 3.0]",0.1924,-0.4842,3
num_actv_rev_tl,"(3.0, 5.0]",0.0928,-0.4842,1
num_actv_rev_tl,"(5.0, 6.0]",-0.0502,-0.4842,-1
num_actv_rev_tl,"(6.0, 8.0]",-0.1207,-0.4842,-2
num_actv_rev_tl,"(8.0, 52.0]",-0.2996,-0.4842,-4
